<CQELangFile id="EN" version="4.0" translater="Vanth">
  <menu>
    <file key="1">File</file>
    <map key="1">Map</map>
    <credits>Credits</credits>
    <help>?</help>
    <language>Language</language>
    <options>Options</options>
    <new key="1">New</new>
    <open key="1">Open</open>
    <save key="1">Save</save>
    <saveas>Save As</saveas>
    <close key="1">Close Quest</close>
    <exit key="1">Exit</exit>
    <lowrank>Low Rank</lowrank>
    <highrank>High Rank</highrank>
	<autoupdate>Auto-Check for Updates</autoupdate>
	<checkupdate>Check for Updates</checkupdate>
	<dwnlangs>Download Languages</dwnlangs>
  </menu>
  <pages>
    <info>Details</info>
    <monsters>Monsters</monsters>
    <minions>Minions</minions>
    <supply>Supply Items</supply>
    <gathering>Gathering</gathering>
    <reward>Reward</reward>
	<challenge>Challenge</challenge>
  </pages>
  <areas>
	<island>Desert Island</island>
	<plains>Sandy Plains</plains>
	<forest>Flooded Forest</forest>
	<tundra>Tundra</tundra>
	<volcano>Volcano</volcano>
	<greatdesert>Great Desert</greatdesert>
	<streams>Mountain Streams</streams>
	<lavacanyon>Lava Canyon</lavacanyon>
	<landarena>Land Arena</landarena>
	<smallarena>Small Land Arena</smallarena>
	<sacredland>Sacred Land</sacredland>
	<polarzone>Polar Zone</polarzone>
	<summit>Mountain Summit</summit>
  </areas>
  <zones>
	<base>Base Camp</base>
	<a1>Area 1</a1>
	<a2>Area 2</a2>
	<a3>Area 3</a3>
	<a4>Area 4</a4>
	<a5>Area 5</a5>
	<a6>Area 6</a6>
	<a7>Area 7</a7>
	<a8>Area 8</a8>
	<a9>Area 9</a9>
	<a10>Area 10</a10>
	<a11>Area 11</a11>
	<battlefield>Battlefield</battlefield>
  </zones>
  <questinfo>
    <reward>Quest Reward</reward>
    <data>Quest Data</data>
    <info>Quest Info</info>
    <title>Title:</title>
    <fail>Fail Cond.:</fail>
    <goal>Goal Cond.:</goal>
    <mainmonsters newline="true">Main\nMonsters:</mainmonsters>
    <details>Details:</details>
    <images>Images:</images>
    <client>Client:</client>
    <questid>Quest ID:</questid>
	<challenge>Challenge Quest</challenge>
    <guildpoints>Guild Points:</guildpoints>
    <faint>Faint:</faint>
    <money>Money:</money>
    <fee>Fee:</fee>
    <environment>Environment:</environment>
	<ia>IA Difficulty:</ia>
	<time>Time:</time>
	<specialcond>Spec. Cond.:</specialcond>
	<type>Quest Type</type>
	<level>Level:</level>
	<position>Start Posit.:</position>
	<map>Map:</map>
	<transporter>Cat Transporter</transporter>
	<elder>Veggie Elder</elder>
	<iaminions>- Minions</iaminions>
	<iamonsters>- Monsters</iamonsters>
	<bgm>Special BGM</bgm>
	<waittime>Wait Time:</waittime>
  </questinfo>
  <game>
	<z>z</z>
	<points>Pts</points>
	<times>Times</times>
	<minutes>Mins</minutes>
	<seconds>Secs</seconds>
	<day>Day</day>
	<night>Night</night>
	<minionkill>Minion Kill Quest</minionkill>
	<gathquest>Gathering Quest</gathquest>
	<huntquest>Hunting Quest</huntquest>
	<epicquest>Epic Hunting Quest</epicquest>
	<specialquest>Special Quest</specialquest>
	<slayingquest>Slaying Quest</slayingquest>
	<stable>Stable</stable>
	<unstable>Instable</unstable>
	<lvl1>1☆ - Low</lvl1>
	<lvl2>2☆ - Low</lvl2>
	<lvl3>3☆ - Low</lvl3>
	<lvl4>4☆ - Avrg</lvl4>
	<lvl5>5☆ - Avrg</lvl5>
	<lvl6>6★ - High</lvl6>
	<lvl7>7★ - High</lvl7>
	<lvl8>8★ - High</lvl8>
	<hr1>None</hr1>
	<hr2>HR2</hr2>
	<hr3>HR3</hr3>
	<hr4>HR4</hr4>
	<hr5>HR5</hr5>
	<hr6>HR6</hr6>
	<greatsword>Great Sword</greatsword>
	<lance>Lance</lance>
	<hammer>Hammer</hammer>
	<swordshield>Sword&#38;Shield</swordshield>
	<bowgun>Bowgun</bowgun>
	<lightbow>Light Bowgun</lightbow>
	<heavybow>Heavy Bowgun</heavybow>
	<dualsword>Dual Sword</dualsword>
	<longsword>Long Sword</longsword>
	<gunlance>Gunlance</gunlance>
	<horn>Hunting Horn</horn>
	<bow>Bow</bow>
	<axe>Switch Axe</axe>
	<noarmor>No Armor</noarmor>
	<max1pg>Single Player</max1pg>
	<max2pg>Max 2 Players</max2pg>
	<max3pg>Max 3 Players</max3pg>
	<itembox>Box</itembox>
	<general>Base</general>
	<instructors>Instructors</instructors>
	<flag>Flag</flag>
	<training>Training</training>
	<strenghten>Strenghten</strenghten>
	<recalled>Recalled</recalled>
	<randomenter>Random Enter</randomenter>
	<repelled>Repelled</repelled>
	<minutedefault>1 Minute</minutedefault>
	<minuteforced>1 Minute (Forced)</minuteforced>
	<twentysecond>20 Seconds</twentysecond>
	<orangesharp>Orange Arancio</orangesharp>
	<yellowsharp>Yellow Sharpness</yellowsharp>
	<greensharp>Green Sharpness</greensharp>
	<bluesharp>Blue Sharpness</bluesharp>
	<whitesharp>White Sharpness</whitesharp>
	<bottleattack>Attack Bottle</bottleattack>
	<bottlepoison>Poison Bottle</bottlepoison>
	<bottlefatigue>Fatigue Bottle</bottlefatigue>
	<poison>Poison</poison>
	<paralysis>Paralysis</paralysis>
	<sleep>Sleep</sleep>
	<ice>Ice</ice>
	<fire>Fire</fire>
	<thunder>Thunder</thunder>
	<water>Water</water>
	<dragon>Dragon</dragon>
	<raw>-</raw>
	<normal>Normal</normal>
	<long>Long</long>
	<spread>Spread</spread>
	<focused>Focused.</focused>
	<explosive>Explosive.</explosive>
	<rapid>Rapid</rapid>
	<pierce>Pierce</pierce>
	<scatter>Scatter</scatter>
	<defense>Defense</defense>
	<whtnote>White</whtnote>
	<blunote>Blue</blunote>
	<rednote>Red</rednote>
	<ylwnote>Yellow</ylwnote>
	<azrnote>Azure</azrnote>
	<purnote>Purple</purnote>
	<grnnote>Green</grnnote>
	<orgnote>Orange</orgnote>
	<norapid>No Rapid Fire</norapid>
	<rapidnrmlv1>Rapid Fire: Normal Lv1</rapidnrmlv1>
	<rapidnrmlv2>Rapid Fire: Normal Lv2</rapidnrmlv2>
	<rapidpiercelv1>Rapid Fire: Piercing Lv1</rapidpiercelv1>
	<rapidpiercelv2>Rapid Fire: Piercing Lv2</rapidpiercelv2>
	<rapidpelletlv1>Rapid Fire: Pellet Lv1</rapidpelletlv1>
	<rapidpelletlv2>Rapid Fire: Pellet Lv2</rapidpelletlv2>
	<rapidcraglv1>Rapid Fire: Crag Lv1</rapidcraglv1>
	<rapidcraglv2>Rapid Fire: Crag Lv2</rapidcraglv2>
	<rapidclusterlv1>Rapid Fire: Cluster Lv1</rapidclusterlv1>
	<rapidslicing>Rapid Fire: Slicing</rapidslicing>
	<rapidwater>Rapid Fire: Water</rapidwater>
	<rapidice>Rapid Fire: Ice</rapidice>
	<rapidfire>Rapid Fire: Fire</rapidfire>
	<rapidthunder>Rapid Fire: Thunder</rapidthunder>
	<rapiddragon>Rapid Fire: Dragon</rapiddragon>
	<rapidpoisonlv1>Rapid Fire: Poison Lv1</rapidpoisonlv1>
	<rapidpoisonlv2>Rapid Fire: Poison Lv2</rapidpoisonlv2>
	<rapidsleeplv1>Rapid Fire: Sleep Lv1</rapidsleeplv1>
	<rapidparalysislv1>Rapid Fire: Paralysis Lv1</rapidparalysislv1>
	<rapidexhaustlv1>Rapid Fire: Exhaust Lv1</rapidexhaustlv1>
	<turretnrmlv1>Turret: Normal Lv1</turretnrmlv1>
	<turretnrmlv2>Turret: Normal Lv1</turretnrmlv2>
	<turretnrmlv3>Turret: Normal Lv1</turretnrmlv3>
	<turretpelletlv1>Turret: Pellet Lv1</turretpelletlv1>
	<turretpelletlv2>Turret: Pellet Lv2</turretpelletlv2>
	<turretpiercelv1>Turret: Piercing Lv1</turretpiercelv1>
	<turretpiercelv2>Turret: Piercing Lv2</turretpiercelv2>
	<turretpiercelv3>Turret: Piercing Lv3</turretpiercelv3>
	<turretcraglv1>Turret: Crag Lv1</turretcraglv1>
	<turretcraglv2>Turret: Crag Lv2</turretcraglv2>
	<turretcraglv3>Turret: Crag Lv3</turretcraglv3>
	<turretclusterlv1>Turret: Cluster Lv1</turretclusterlv1>
	<turretclusterlv2>Turret: Cluster Lv2</turretclusterlv2>
	<turretice>Turret: Ice</turretice>
	<turretfire>Turret: Fire</turretfire>
	<turretwater>Turret: Water</turretwater>
	<turretthunder>Turret: Thunder</turretthunder>
	<turretdragon>Turret: Dragon</turretdragon>
	<turretsleeplv1>Turret: Sleep Lv1</turretsleeplv1>
	<turretsleeplv2>Turret: Sleep Lv2</turretsleeplv2>
	<turretpoisonlv1>Turret: Poison Lv1</turretpoisonlv1>
	<turretpoisonlv2>Turret: Poison Lv2</turretpoisonlv2>
	<turretparalysislv1>Turret: Paralysis Lv1</turretparalysislv1>
	<turretparalysislv2>Turret: Paralysis Lv2</turretparalysislv2>
	<turretexhaustlv1>Turret: Exhaust Lv1</turretexhaustlv1>
	<turretexhaustlv2>Turret: Exhaust Lv2</turretexhaustlv2>
	<turretslicing>Turret: Slicing</turretslicing>
	<nodeviation>No Deviation</nodeviation>
	<rightdeviation>Right Deviation</rightdeviation>
	<leftdeviation>Left Deviation</leftdeviation>
	<lowrecoil>Low Recoil</lowrecoil>
	<medrecoil>Medium Recoil</medrecoil>
	<highrecoil>Great Recoil</highrecoil>
	<normalreload>Normal Reload</normalreload>
	<quickreload>Quick Reload</quickreload>
	<veryquickreload>Very Quick Reload</veryquickreload>
	<slowreload>Slow Reload</slowreload>
  </game>
  <questmonster>
	<title>Main Monster Options</title>
	<options>Special Options</options>
	<hrmoves>High Rank Moves</hrmoves>
	<delay>Spawn Delay</delay>
	<num11>N° 11</num11>
	<num12>N° 12</num12>
	<num13>N° 13</num13>
	<warningperc>Instability Possibility:</warningperc>
	<warningcode>Ints. Code:</warningcode>
	<basicopt>Basic:</basicopt>
  </questmonster>
  <questminion>
	<title>Minion Options</title>
	<bigmonster>Big Monsters Option</bigmonster>
	<general>General Options</general>
	<firstcond>First Condition</firstcond>
	<secondcond>Second Condition</secondcond>
	<force>Force Main Monster Insertion</force>
	<message newline="true">Those options are valid only for main monsters inserted\nas minions. Use them at your own risk, they can freeze\nyour quest if not properly used.</message>
	<waves>Waves:</waves>
  </questminion>
  <questsupply>
	<title>Supply Items</title>
	<options>Items Options</options>
	<alwaysvisible>Always Visible</alwaysvisible>
	<basevisible>Base Visible:</basevisible>
	<qty>Qty:</qty>
	<itemshort>Items</itemshort>
	<condition>Condition:</condition>
  </questsupply>
  <questgath>
	<title>Resources</title>
	<options>Gathering Options</options>
	<min>Min Gath. Times:</min>
	<max>Max Gath. Times:</max>
	<point>Gathering Point</point>
  </questgath>
  <questreward>
	<title>Reward</title>
	<bonusreward>Bonus Reward</bonusreward>
	<qtyvar>Quantity Variable</qtyvar>
	<rewqty>Reward Quantity:</rewqty>
	<bonus>Bonus</bonus>
	<message>In order to insert rare materials, remember to do only High Rank quests!</message>
  </questreward>
  <edit>
	<title>Edit</title>
	<num>N°</num>
	<name>Name</name>
	<item>Item Name</item>
	<qty>Qty</qty>
	<times>Qty/Times</times>
	<probability>Prob.</probability>
	<percentage>Prob. %</percentage>
	<hp>HP</hp>
	<atk>Atk</atk>
	<def>Def</def>
	<sta>Sta</sta>
	<dim>Dimens.</dim>
	<coef>Coef.</coef>
	<status>Status</status>
	<direction>Direction</direction>
	<area>Area</area>
	<coord>┌─ Coord: X - Z - Y ─┐</coord>
	<color>Color</color>
	<colorshort>Col.</colorshort>
	<respawn>Respawn Position</respawn>
	<respawnshort>Pos.</respawnshort>
	<fixed>Fixed</fixed>
	<random>Random</random>
	<hided>Hided</hided>
	<fixedshort>F</fixedshort>
	<randomshort>R</randomshort>
	<hidedshort>H</hidedshort>
	<wave>Wave</wave>
	<instablewave>Instable Wave</instablewave>
	<coefsymbol>±</coefsymbol>
  </edit>
  <other>
	<null>------</null>
	<default>Default</default>
	<mapnull>-</mapnull>
	<unknown>Unknown</unknown>
	<random>Random</random>
	<special>Special</special>
	<first>-</first>
	<oneofthem>Or</oneofthem>
	<both>And</both>
	<randomize>Randomize</randomize>
	<savelist>Save List</savelist>
	<loadlist>Load List</loadlist>
	<shortcut>Shortcuts:</shortcut>
	<open>Open: CTRL + O</open>
	<save>Save: CTRL + S</save>
	<saveas>Save As: CTRL + SHIFT + H</saveas>
	<map>Map: CTRL + M</map>
	<exit>Exit: ALT + X</exit>
	<help>Help: CTRL + H</help>
	<enable>Enable</enable>
  </other>
  <errors>
	<title>Error</title>
	<decrypt newline="true">Decryption Error,\ncan't load the file.</decrypt>
	<format newline="true">Unable to recognize the file format.\nPlease check it</format>
	<corrupted newline="true">The file loaded is corrupted.\nPlease check it.</corrupted>
	<savefail newline="true">Error while saving.\nCan not save the quest.</savefail>
	<namefail>File Name not valid! Can not save the quest</namefail>
	<unknowntype>Unknown Quest Type.</unknowntype>
	<notfound>File not found:</notfound>
	<setweapon>Please set a weapon first.</setweapon>
  </errors>
  <messages>
	<supportedfile>All supported files</supportedfile>
	<fc>FC Quest File</fc>
	<cm>CM Quest File</cm>
	<dat>Template File</dat>
	<mib>MIB Quest File</mib>
	<mis>MIS Quest File</mis>
	<cqs>CQS Quest File</cqs>
	<bag>Inventary File</bag>
	<itemlist>Item List</itemlist>
	<rewardlist>Reward List</rewardlist>
	<overwrite newline="true">This file already exists.\nDo you want to overwrite it?</overwrite>
	<memquestion newline="true">To be properly used, MEM's file name must start with "0xE7B440_". Do you want to fix the name?</memquestion>
	<restart newline="true">To make language changes active,\nyou need to restart the application.</restart>
	<insertgoal>Insert a Goal Condition!</insertgoal>
	<insertinfo>Insert Quest Details!</insertinfo>
	<highprob newline="true">Reward probability is higher than permitted.\nPlease fix it to 100%.\nFile not saved.</highprob>
	<armorchange newline="true">Weapon range-type changed.\nArmors will be changed.</armorchange>
	<challengesupport>You can use Challenge Missions only with .mib, .cqs or .mis files.</challengesupport>
	<victoryerror>Victory Condition does not allow to finish the quest.</victoryerror>
	<weaponchoice>You had to set all equipments sets.</weaponchoice>
  </messages>
  <updater>
	<commerror>Error while contacting the server.</commerror>
	<lastversion>You already have the last version of the program.</lastversion>
	<available>You already have the last version of the program.</available>
	<wantupdate newline="true">A new version of the program is avaible.\nDo you want to update?</wantupdate>
  </updater>
  <questchallenge>
    <title>Challenge Options</title>
	<players>Players:</players>
	<setoptions>Equipments Sets</setoptions>
	<details>Challenge Details</details>
	<set1>Set 1</set1>
	<set2>Set 2</set2>
	<set3>Set 3</set3>
	<set4>Set 4</set4>
	<set5>Set 5</set5>
	<equippage>Equip</equippage>
	<detailspage>Details</detailspage>
	<itemspage>Items</itemspage>
	<edits>Upgrade</edits>
	<noupdate>Nothing</noupdate>
	<update1>Silencer/Shield</update1>
	<update2>Power/Barrel</update2>
	<maxtime>Max Time:</maxtime>
	<points>Points:</points>
	<attack>Attack</attack>
	<defense>Defense</defense>
	<skills>Skills</skills>
	<level>Lvl</level>
  </questchallenge>
</CQELangFile>