<CQELangFile id="FR" version="3.3">
  <menu>
    <file key="1">Fichier</file>
    <map key="1">Map</map>
    <credits>Credits</credits>
    <help>?</help>
    <language>Langage</language>
    <options>Options</options>
    <new key="1">Nouveau</new>
    <open key="1">Ouvrir</open>
    <save key="1">Enregistrer</save>
    <saveas>Enregistrer sous...</saveas>
    <close key="1">Fermer</close>
    <exit key="1">Quitter</exit>
    <lowrank>Rang Inf.</lowrank>
    <highrank>Rang Sup.</highrank>
	<autoupdate>MAJ Auto</autoupdate>
	<checkupdate>Rechercher MAJ</checkupdate>
	<dwnlangs>Télécharger Langues</dwnlangs>
  </menu>
  <pages>
    <info>Details</info>
    <monsters>Monstres</monsters>
    <minions>Minions</minions>
    <supply>Fournitures</supply>
    <gathering>Collecte</gathering>
    <reward>Récompenses</reward>
    <summary>Résumé</summary>
	<challenge>Challenge</challenge>
  </pages>
	<areas>
		<island>Île déserte</island>
		<plains>Plaine de sable</plains>
		<forest>Forêt Inondée</forest>
		<tundra>Toundra</tundra>
		<volcano>Volcan</volcano>
		<greatdesert>Grand Désert</greatdesert>
		<streams>Montagne</streams>
		<lavacanyon>Canyon de lave</lavacanyon>
		<landarena>Arène</landarena>
		<smallarena>Petite Arène</smallarena>
		<sacredland>Arène sacrée</sacredland>
		<polarzone>Zone polaire</polarzone>
		<summit>Montagne</summit>
	</areas>
	<zones>
		<base>Camp de base</base>
		<a1>Zone 1</a1>
		<a2>Zone 2</a2>
		<a3>Zone 3</a3>
		<a4>Zone 4</a4>
		<a5>Zone 5</a5>
		<a6>Zone 6</a6>
		<a7>Zone 7</a7>
		<a8>Zone 8</a8>
		<a9>Zone 9</a9>
		<a10>Zone 10</a10>
		<a11>Zone 11</a11>
		<battlefield>Champ de bataille</battlefield>
	</zones>
  <questinfo>
    <reward>Récompenses de quête</reward>
    <data>Données de quête</data>
    <info>Info quête</info>
    <title>Titre:</title>
    <fail newline="true">Condition\n victoire:</fail>
    <goal newline="true">Condition\néchec:</goal>
    <mainmonsters newline="true">Monstres\nprincipaux:</mainmonsters>
    <details>Details:</details>
    <images>Images:</images>
    <client>Client:</client>
    <questid>ID Quête:</questid>
	<challenge>Quête challenge</challenge>
    <guildpoints>Pts guilde:</guildpoints>
    <faint>Mort:</faint>
    <money>Argent:</money>
    <fee>Contrat:</fee>
    <environment>Environnement:</environment>
	<ia>Difficulté:</ia>
	<time>Temps:</time>
	<specialcond>Condition Spc:</specialcond>
	<type>Type quête</type>
	<level>Niv.:</level>
	<position>Départ:</position>
	<map>Map:</map>
	<transporter>Chat livreur</transporter>
	<elder>Ancien aux légumes</elder>
	<iaminions>Minions:</iaminions>
	<iamonsters>Monsters:</iamonsters>
  </questinfo>
  <game>
	<z>z</z>
	<points>Pts</points>
	<times>Temps</times>
	<minutes>Min</minutes>
	<day>Jour</day>
	<night>Nuit</night>
	<minionkill>Quête de chasse (Minion)</minionkill>
	<gathquest>Quête de collecte</gathquest>
	<huntquest>Quête de chasse</huntquest>
	<epicquest>Quête épique</epicquest>
	<specialquest>Quête spéciale</specialquest>
	<slayingquest>Quête massacre</slayingquest>
	<stable>Stable</stable>
	<unstable>Instable</unstable>
	<lvl1>1? - Inf</lvl1>
	<lvl2>2? - Inf</lvl2>
	<lvl3>3? - Inf</lvl3>
	<lvl4>4? - Nrm</lvl4>
	<lvl5>5? - Nrm</lvl5>
	<lvl6>6? - Sup</lvl6>
	<lvl7>7? - Sup</lvl7>
	<lvl8>8? - Sup</lvl8>
	<hr1>Aucun</hr1>
	<hr2>HR2</hr2>
	<hr3>HR3</hr3>
	<hr4>HR4</hr4>
	<hr5>HR5</hr5>
	<hr6>HR6</hr6>
	<greatsword>Grande épée</greatsword>
	<lance>Lance</lance>
	<hammer>Marteau</hammer>
	<swordshield>Epée et Bouclier</swordshield>
	<bowgun>Fusarbalète Leger</bowgun>
	<dualsword>Doubles épées</dualsword>
	<longsword>Epée longue</longsword>
	<gunlance>Lanceflingue</gunlance>
	<horn>Cor de chasse</horn>
	<bow>Arc</bow>
	<axe>Morpho-hache</axe>
	<noarmor>Pas d'armure</noarmor>
	<max1pg>Un seul joueur</max1pg>
	<max2pg>2 joueurs</max2pg>
	<max3pg>3 joueurs</max3pg>
	<itembox>Boite</itembox>
  </game>
  <questmonster>
	<title>Options monstres principaux</title>
	<options>Options spéciales</options>
	<hrmoves>Mouv. rang sup.</hrmoves>
	<delay>Délai</delay>
	<num11>N° 11</num11>
	<num12>N° 12</num12>
	<num13>N° 13</num13>
	<warningperc>Possibilité instabilité:</warningperc>
	<warningcode>Code instabilité:</warningcode>
	<basicopt>Base:</basicopt>
  </questmonster>
  <questminion>
	<title>Options Minions</title>
	<bigmonster>Options gros monstres</bigmonster>
	<general>Options générales</general>
	<firstcond>1ère condition</firstcond>
	<secondcond>2nde condition</secondcond>
	<force>Insertion monstre principal</force>
	<message newline="true">Ces options ne sont valides que pour les monstres principaux ajoutés\ncomme minions. Utilisez à vos risques et périls.\nRisques de freeze.</message>
	<waves>Environnement:</waves>
  </questminion>
  <questsupply>
	<title>Fournitures</title>
	<options>Options Objets</options>
	<alwaysvisible>Toujours Disponibles</alwaysvisible>
	<basevisible>Base Visible:</basevisible>
	<qty>Qté:</qty>
	<itemshort>Objets</itemshort>
	<condition>Condition:</condition>
  </questsupply>
  <questgath>
	<title>Ressources</title>
	<options>Options Récolte</options>
	<min>Récolte Min:</min>
	<max>Récolte Max:</max>
	<point>Point de Récolte</point>
  </questgath>
  <questreward>
	<title>Récompense</title>
	<bonusreward>Récompense Bonus</bonusreward>
	<qtyvar>Quantité Variable</qtyvar>
	<rewqty>Quantité Récompense:</rewqty>
	<bonus>Bonus</bonus>
	<message>Pour mettre des objets rares, n'oubliez pas de faire des quêtes de rang supérieur !</message>
  </questreward>
  <edit>
	<title>Edit</title>
	<num>N°</num>
	<name>Nom</name>
	<item>Nom Objet</item>
	<qty>Qté</qty>
	<times>Qté/Temps</times>
	<probability>Prob.</probability>
	<percentage>Prob. %</percentage>
	<hp>PV</hp>
	<atk>Atq</atk>
	<def>Def</def>
	<sta>Sta</sta>
	<dim>Dimens.</dim>
	<coef>Coef.</coef>
	<status>Statut</status>
	<direction>Direction</direction>
	<area>Zone</area>
	<coord>+- Coord: X - Z - Y -+</coord>
	<color>Couleur</color>
	<colorshort>Col.</colorshort>
	<respawn>Pos. Apparition</respawn>
	<respawnshort>Pos.</respawnshort>
	<fixed>Fixé</fixed>
	<random>Aléatoire</random>
	<hided>Caché</hided>
	<fixedshort>F</fixedshort>
	<randomshort>R</randomshort>
	<hidedshort>C</hidedshort>
	<wave>Environnement</wave>
	<instablewave>Environnement Instable</instablewave>
  </edit>
  <other>
	<null>------</null>
	<default>Défaut</default>
	<mapnull>-</mapnull>
	<unknown>Inconnu</unknown>
	<random>Aléatoire</random>
	<special>Spécial</special>
	<first>Premier</first>
	<second>Second</second>
	<both>Ensemble</both>
	<randomize>Au Hasard</randomize>
	<savelist>Enregistrer Liste</savelist>
	<loadlist>Charger Liste</loadlist>
	<shortcut>Raccourcis:</shortcut>
	<open>Ouvrir: CTRL + O</open>
	<save>Enregistrer: CTRL + S</save>
	<saveas>Enregistrer Sous: CTRL + SHIFT + S</saveas>
	<map>Carte: CTRL + C</map>
	<exit>Quitter: ALT + Q</exit>
	<help>Aide: CTRL + A</help>
  </other>
  <errors>
	<title>Erreur</title>
	<decrypt newline="true">Erreur de décryption,\nimpossible de charger le fichier.</decrypt>
	<format newline="true">Impossible de reconnaitre le format.\nVérifiez-le s'il vous plait.</format>
	<corrupted newline="true">Fichier corrompu.\nVérifiez-le s'il vous plait.</corrupted>
	<savefail newline="true">Erreur pendant l'enregistrement.\nImpossible d'enregistrer la quête.</savefail>
	<namefail>Nom de fichier invalide! Impossible d'enregistrer la quête</namefail>
	<unknowntype>Format de quête inconnu.</unknowntype>
	<notfound>Fichier non trouvé:</notfound>
  </errors>
  <messages>
	<supportedfile>Tous les fichiers supportés</supportedfile>
	<fc>Fichier Quête FC</fc>
	<cm>Fichier Quête CM</cm>
	<dat>Fichier Template</dat>
	<mib>Fichier Quête MIB</mib>
	<mis>Fichier Quête MIS</mis>
	<cqs>Fichier Quête CQS</cqs>
	<itemlist>Liste Objet</itemlist>
	<rewardlist>Liste Récompense</rewardlist>
	<overwrite newline="true">Le fichier existe déjà.\nVoulez-vous le remplacer ?</overwrite>
	<memquestion newline="true">Pour fonctionner correctement\nles noms de fichiers MEM doivent commencer\n par "0xE7B440_".\n Voulez-vous corriger le nom ?</memquestion>
	<restart newline="true">Pour activer les changement de langues\nvous devez relancer l'application.</restart>
	<insertgoal>Insérez un objetif !</insertgoal>
	<insertinfo>Insérez les détails de la quête !</insertinfo>
	<highprob newline="true">La probabilité de la récompense dépasse 100%.\nCorrigez-la.\nFicher non enrgistré.</highprob>
  </messages>
  <updater>
	<commerror>Erreur lors de la connexion au serveur.</commerror>
	<lastversion>Vous avez la dernière version du programme.</lastversion>
	<available>Vous avez la dernière version du programme.</available>
	<wantupdate newline="true">Une nouvelle version est disponible.\nVoulez-vous mettre à jour ?</wantupdate>
  </updater>
</CQELangFile>