<CQELangFile id="IT" version="4.0" translater="Vanth">
  <menu>
    <file key="1">File</file>
    <map key="1">Mappa</map>
    <credits>Credits</credits>
    <help>?</help>
    <language>Lingua</language>
    <options>Opzioni</options>
    <new key="1">Nuovo</new>
    <open key="1">Apri</open>
    <save key="1">Salva</save>
    <saveas>Salva con nome</saveas>
    <close key="1">Chiudi Quest</close>
    <exit key="1">Esci</exit>
    <lowrank>Basso Livello</lowrank>
    <highrank>Alto Livello</highrank>
	<autoupdate>Autocontrolla aggiornamenti</autoupdate>
	<checkupdate>Controlla aggiornamenti</checkupdate>
	<dwnlangs>Scarica Lingue</dwnlangs>
  </menu>
  <pages>
    <info>Dettagli Quest</info>
    <monsters>Monstri</monsters>
    <minions>Minori</minions>
    <supply>Rifornimenti</supply>
    <gathering>Raccolta</gathering>
    <reward>Premio</reward>
	<challenge>Sfida</challenge>
  </pages>
  <areas>
	<island>Isola</island>
	<plains>Pianure</plains>
	<forest>Foresta</forest>
	<tundra>Tundra</tundra>
	<volcano>Vulcano</volcano>
	<greatdesert>Grande Deserto</greatdesert>
	<streams>Cascate</streams>
	<lavacanyon>Canyon di Lava</lavacanyon>
	<landarena>Arena</landarena>
	<smallarena>Arena Piccola</smallarena>
	<sacredland>Terra Sacra</sacredland>
	<polarzone>Zona Polare</polarzone>
	<summit>Cima di Montagna</summit>
  </areas>
  <zones>
	<base>Campo Base</base>
	<a1>Area 1</a1>
	<a2>Area 2</a2>
	<a3>Area 3</a3>
	<a4>Area 4</a4>
	<a5>Area 5</a5>
	<a6>Area 6</a6>
	<a7>Area 7</a7>
	<a8>Area 8</a8>
	<a9>Area 9</a9>
	<a10>Area 10</a10>
	<a11>Area 11</a11>
	<battlefield>Campo di Battaglia</battlefield>
  </zones>
  <questinfo>
    <reward>Premio Quest</reward>
    <data>Dati Quest</data>
    <info>Informazioni Quest</info>
    <title>Titolo:</title>
    <fail newline="true">Condizione\nSconfitta:</fail>
    <goal>Cond. Vitt:</goal>
    <mainmonsters newline="true">Mostri\nPrincipali:</mainmonsters>
    <details>Dettagli:</details>
    <images>Immagini:</images>
    <client>Cliente:</client>
    <questid>Quest ID:</questid>
	<challenge>Missione Sfida</challenge>
    <guildpoints>Punti Gilda:</guildpoints>
    <faint>Sconfitte:</faint>
    <money>Soldi:</money>
    <fee>Tassa:</fee>
    <environment>Ambiente:</environment>
	<ia>Difficoltà IA:</ia>
	<time>Tempo:</time>
	<specialcond>Cond. Spec.:</specialcond>
	<type>Tipo Quest</type>
	<level>Livello:</level>
	<position>Pos. Iniziale:</position>
	<map>Mappa:</map>
	<transporter>Trasporto Falyne</transporter>
	<elder>Drago anziano</elder>
	<iaminions>- Minori</iaminions>
	<iamonsters>- Mostri</iamonsters>
	<bgm>Musica Speciale</bgm>
	<waittime>Attesa:</waittime>
  </questinfo>
  <game>
	<z>z</z>
	<points>Pti</points>
	<times>Volte</times>
	<minutes>Min.</minutes>
	<seconds>Sec.</seconds>
	<day>Giorno</day>
	<night>Notte</night>
	<minionkill>Uccisione Minori</minionkill>
	<gathquest>Missione di Raccolta</gathquest>
	<huntquest>Missione di Caccia</huntquest>
	<epicquest>Missione Caccia Epica</epicquest>
	<specialquest>Missione Speciale</specialquest>
	<slayingquest>(Sconosciuta)</slayingquest>
	<stable>Stabile</stable>
	<unstable>Instabile</unstable>
	<lvl1>1☆ - Basso</lvl1>
	<lvl2>2☆ - Basso</lvl2>
	<lvl3>3☆ - Basso</lvl3>
	<lvl4>4☆ - Medio</lvl4>
	<lvl5>5☆ - Medio</lvl5>
	<lvl6>6★ - Alto</lvl6>
	<lvl7>7★ - Alto</lvl7>
	<lvl8>8★ - Alto</lvl8>
	<hr1>Nessuna</hr1>
	<hr2>GC2</hr2>
	<hr3>GC3</hr3>
	<hr4>GC4</hr4>
	<hr5>GC5</hr5>
	<hr6>GC6</hr6>
	<greatsword>Spadone</greatsword>
	<lance>Lancia</lance>
	<hammer>Martello</hammer>
	<swordshield>Scudo&#38;Spada</swordshield>
	<bowgun>Balestra</bowgun>
	<lightbow>Balestra Leggera</lightbow>
	<heavybow>Balestra Pesante</heavybow>
	<dualsword>Doppie Lame</dualsword>
	<longsword>Spada Lunga</longsword>
	<gunlance>Lancia-Fucile</gunlance>
	<horn>Corno</horn>
	<bow>Arco</bow>
	<axe>Ascia Cangiante</axe>
	<noarmor>No Armatura</noarmor>
	<max1pg>Max 1 Gioc.</max1pg>
	<max2pg>Max 2 Gioc.</max2pg>
	<max3pg>Max 3 Gioc.</max3pg>
	<itembox>Cassa</itembox>
	<general>Base</general>
	<instructors>Istruttore</instructors>
	<flag>Bandiera</flag>
	<training>Allenamento</training>
	<strenghten>Fortificati</strenghten>
	<recalled>Richiamati</recalled>
	<randomenter>Casuali</randomenter>
	<repelled>Repulsi</repelled>
	<minutedefault>1 Minuto</minutedefault>
	<minuteforced>1 Minuto (Forzato)</minuteforced>
	<twentysecond>20 Secondi</twentysecond>
	<orangesharp>Acutezza Arancio</orangesharp>
	<yellowsharp>Acutezza Gialla</yellowsharp>
	<greensharp>Acutezza Verde</greensharp>
	<bluesharp>Acutezza Blu</bluesharp>
	<whitesharp>Acutezza Bianca</whitesharp>
	<bottleattack>Fiala Attacco</bottleattack>
	<bottlepoison>Fiala Veleno</bottlepoison>
	<bottlefatigue>Fiala Fatica</bottlefatigue>
	<poison>Veleno</poison>
	<paralysis>Paralisi</paralysis>
	<sleep>Sonno</sleep>
	<ice>Ghiaccio</ice>
	<fire>Fuoco</fire>
	<thunder>Tuono</thunder>
	<water>Acqua</water>
	<dragon>Drago</dragon>
	<raw>-</raw>
	<normal>Normale</normal>
	<long>Lungo</long>
	<spread>Esteso</spread>
	<focused>Central.</focused>
	<explosive>Esplos.</explosive>
	<rapid>Rapide</rapid>
	<pierce>Perforanti</pierce>
	<scatter>Grappolo</scatter>
	<defense>Difesa</defense>
	<whtnote>Bianco</whtnote>
	<blunote>Blu</blunote>
	<rednote>Rosso</rednote>
	<ylwnote>Giallo</ylwnote>
	<azrnote>Azzurro</azrnote>
	<purnote>Viola</purnote>
	<grnnote>Verde</grnnote>
	<orgnote>Arancio</orgnote>
	<norapid>Fuoco Rapido: -</norapid>
	<rapidnrmlv1>Fuoco Rapido: Normale Lv1</rapidnrmlv1>
	<rapidnrmlv2>Fuoco Rapido: Normale Lv2</rapidnrmlv2>
	<rapidpiercelv1>Fuoco Rapido: Perforante Lv1</rapidpiercelv1>
	<rapidpiercelv2>Fuoco Rapido: Perforante Lv2</rapidpiercelv2>
	<rapidpelletlv1>Fuoco Rapido: Pallottola Lv1</rapidpelletlv1>
	<rapidpelletlv2>Fuoco Rapido: Pallottola Lv2</rapidpelletlv2>
	<rapidcraglv1>Fuoco Rapido: Picco Lv1</rapidcraglv1>
	<rapidcraglv2>Fuoco Rapido: Picco Lv2</rapidcraglv2>
	<rapidclusterlv1>Fuoco Rapido: Grappolo Lv1</rapidclusterlv1>
	<rapidslicing>Fuoco Rapido: Laceranti</rapidslicing>
	<rapidwater>Fuoco Rapido: Acqua</rapidwater>
	<rapidice>Fuoco Rapido: Ghiaccio</rapidice>
	<rapidfire>Fuoco Rapido: Fuoco</rapidfire>
	<rapidthunder>Fuoco Rapido: Tuono</rapidthunder>
	<rapiddragon>Fuoco Rapido: Drago</rapiddragon>
	<rapidpoisonlv1>Fuoco Rapido: Veleno Lv1</rapidpoisonlv1>
	<rapidpoisonlv2>Fuoco Rapido: Veleno Lv2</rapidpoisonlv2>
	<rapidsleeplv1>Fuoco Rapido: Sonno Lv1</rapidsleeplv1>
	<rapidparalysislv1>Fuoco Rapido: Paralisi Lv1</rapidparalysislv1>
	<rapidexhaustlv1>Fuoco Rapido: Fatica Lv1</rapidexhaustlv1>
	<turretnrmlv1>Torretta: Normale Lv1</turretnrmlv1>
	<turretnrmlv2>Torretta: Normale Lv1</turretnrmlv2>
	<turretnrmlv3>Torretta: Normale Lv1</turretnrmlv3>
	<turretpelletlv1>Torretta: Pallottola Lv1</turretpelletlv1>
	<turretpelletlv2>Torretta: Pallottola Lv2</turretpelletlv2>
	<turretpiercelv1>Torretta: Perforante Lv1</turretpiercelv1>
	<turretpiercelv2>Torretta: Perforante Lv2</turretpiercelv2>
	<turretpiercelv3>Torretta: Perforante Lv3</turretpiercelv3>
	<turretcraglv1>Torretta: Picco Lv1</turretcraglv1>
	<turretcraglv2>Torretta: Picco Lv2</turretcraglv2>
	<turretcraglv3>Torretta: Picco Lv3</turretcraglv3>
	<turretclusterlv1>Torretta: Grappolo Lv1</turretclusterlv1>
	<turretclusterlv2>Torretta: Grappolo Lv2</turretclusterlv2>
	<turretice>Torretta: Ghiaccio</turretice>
	<turretfire>Torretta: Fuoco</turretfire>
	<turretwater>Torretta: Acqua</turretwater>
	<turretthunder>Torretta: Tuono</turretthunder>
	<turretdragon>Torretta: Drago</turretdragon>
	<turretsleeplv1>Torretta: Sonno Lv1</turretsleeplv1>
	<turretsleeplv2>Torretta: Sonno Lv2</turretsleeplv2>
	<turretpoisonlv1>Torretta: Veleno Lv1</turretpoisonlv1>
	<turretpoisonlv2>Torretta: Veleno Lv2</turretpoisonlv2>
	<turretparalysislv1>Torretta: Paralisi Lv1</turretparalysislv1>
	<turretparalysislv2>Torretta: Paralisi Lv2</turretparalysislv2>
	<turretexhaustlv1>Torretta: Fatica Lv1</turretexhaustlv1>
	<turretexhaustlv2>Torretta: Fatica Lv2</turretexhaustlv2>
	<turretslicing>Torretta: Laceranti</turretslicing>
	<nodeviation>Nessuna Deviazione</nodeviation>
	<rightdeviation>Deviazione Destra</rightdeviation>
	<leftdeviation>Deviazione Sinistra</leftdeviation>
	<lowrecoil>Rinculo Leggero</lowrecoil>
	<medrecoil>Rinculo Moderato</medrecoil>
	<highrecoil>Rinculo Forte</highrecoil>
	<normalreload>Ricarica Normale</normalreload>
	<quickreload>Ricarica Veloce</quickreload>
	<veryquickreload>Ricarica Molto Veloce</veryquickreload>
	<slowreload>Ricarica Lenta</slowreload>
  </game>
  <questmonster>
	<title>Opzioni Mostri Grandi</title>
	<options>Opzioni Speciali</options>
	<hrmoves>Mosse High Rank</hrmoves>
	<delay>Ritardo Spawn</delay>
	<num11>N° 11</num11>
	<num12>N° 12</num12>
	<num13>N° 13</num13>
	<warningperc>Possibilità di instabilità:</warningperc>
	<warningcode>Codice Inst:</warningcode>
	<basicopt>Base:</basicopt>
  </questmonster>
  <questminion>
	<title>Opzioni Mostri Piccoli</title>
	<bigmonster>Opzioni Mostri Grandi</bigmonster>
	<general>Opzioni Generali</general>
	<firstcond>Prima Condiz.</firstcond>
	<secondcond>Seconda Condiz.</secondcond>
	<force>Forza inserimento Mostri Grandi</force>
	<message newline="true">Opzione valida solo per i Mostri Grandi inseriti come\nsecondari. Usatelo a vostro rischio e pericolo, può\ncausare degli errori se non utilizzati correttamente.</message>
	<waves>Ondate:</waves>
  </questminion>
  <questsupply>
	<title>Opzioni Oggetti</title>
	<options>Rifornimenti</options>
	<alwaysvisible>Sempre Visibili</alwaysvisible>
	<basevisible>Base Visibili:</basevisible>
	<qty>Qtà:</qty>
	<itemshort>Ogg.</itemshort>
	<condition>Condizione:</condition>
  </questsupply>
  <questgath>
	<title>Risorse</title>
	<options>Opzioni Raccolta</options>
	<min>Raccolte Minime:</min>
	<max>Raccolte Massime:</max>
	<point>Punto Raccolta:</point>
  </questgath>
  <questreward>
	<title>Premio Base</title>
	<bonusreward>Premio Bonus</bonusreward>
	<qtyvar>Quantità Variabile</qtyvar>
	<rewqty>Qtà Premi:</rewqty>
	<bonus>Bonus</bonus>
	<message>ATTENZIONE!!! utilizza i materiali rari solo nelle missioni di Alto Livello!</message>
  </questreward>
  <edit>
	<title>Modifica</title>
	<num>Ord.</num>
	<name>Nome</name>
	<item>Nome Oggetto</item>
	<qty>Qtà</qty>
	<times>Qtà/Volte</times>
	<probability>Prob.</probability>
	<percentage>Prob. %</percentage>
	<hp>HP</hp>
	<atk>Atk</atk>
	<def>Def</def>
	<sta>Sta</sta>
	<dim>Dimens.</dim>
	<coef>Coef.</coef>
	<status>Stato</status>
	<direction>Direzione</direction>
	<area>Area</area>
	<coord>┌─ Coord: X - Z - Y ─┐</coord>
	<color>Color</color>
	<colorshort>Col.</colorshort>
	<respawn>Posizione Respawn</respawn>
	<respawnshort>Pos.</respawnshort>
	<fixed>Fissa</fixed>
	<random>Casuale</random>
	<hided>Nascosta</hided>
	<fixedshort>F</fixedshort>
	<randomshort>R</randomshort>
	<hidedshort>H</hidedshort>
	<wave>Ondata</wave>
	<instablewave>Ondata Instabile</instablewave>
	<coefsymbol>±</coefsymbol>
  </edit>
  <other>
	<null>------</null>
	<default>Default</default>
	<mapnull>-</mapnull>
	<unknown>Sconosciuto</unknown>
	<random>Casuale</random>
	<special>Speciale</special>
	<first>-</first>
	<oneofthem>Oppure</oneofthem>
	<both>E</both>
	<randomize>Casuale</randomize>
	<savelist>Salva Lista</savelist>
	<loadlist>Carica Lista</loadlist>
	<shortcut>Comandi di scelta rapida:</shortcut>
	<open>Apri: CTRL + O</open>
	<save>Salva: CTRL + S</save>
	<saveas>Salva con nome: CTRL + SHIFT + H</saveas>
	<map>Mappa: CTRL + M</map>
	<exit>Esci: ALT + X</exit>
	<help>Help: CTRL + H</help>
	<enable>Attiva</enable>
  </other>
  <errors>
	<title>Errore</title>
	<decrypt newline="true">Errore Decrypt,\nimpossibile caricare il file.</decrypt>
	<format newline="true">Impossibile riconoscere il formato del file.\nPer favore controllalo.</format>
	<corrupted newline="true">Il file caricato è corrotto.\nSi prega di controllare.</corrupted>
	<savefail newline="true">Errore durante il salvataggio.\nImpossibile salvare il file.</savefail>
	<namefail>Nome file non valido! Non puoi salvare la Missione</namefail>
	<unknowntype>Tipo della missione sconosciuto.</unknowntype>
	<notfound>File non trovato:</notfound>
	<setweapon>Devi prima selezionare un'arma.</setweapon>
  </errors>
  <messages>
	<supportedfile>Tutti i file supportati</supportedfile>
	<fc>FC Quest File</fc>
	<cm>CM Quest File</cm>
	<dat>Template File</dat>
	<mib>MIB Quest File</mib>
	<mis>MIS Quest File</mis>
	<cqs>CQS Quest File</cqs>
	<bag>File Inventario</bag>
	<itemlist>Lista oggetti</itemlist>
	<rewardlist>Lista premio</rewardlist>
	<overwrite newline="true">Il file è già esistente.\nSostituire il file?</overwrite>
	<memquestion newline="true">Per essere correttamente importati, il nome dei file MEM deve iniziare con "0xE7B440_". Vuoi correggere il nome?</memquestion>
	<restart newline="true">Per apportare la modifica sulla lingua corrente\nè necessario riavviare il programma.</restart>
	<insertgoal>Inserisci le condizioni di vittoria!</insertgoal>
	<insertinfo>Dettagli missione mancanti!</insertinfo>
	<highprob newline="true">ATTENZIONE! probabilità di successo superiore al consentito.\nModifica la percentuale.\nFile non salvato.</highprob>
	<armorchange newline="true">Hai cambiato il tipo di arma.\nLe attuali armature non sono compatibili e verranno cambiate.</armorchange>
	<challengesupport newline="true">È possibile usare le missioni sfida\nsolo salvando la missione in formato .mib, .cqs o .mis.</challengesupport>
	<victoryerror>Le condizioni di vittoria non consentono di terminare la missione.</victoryerror>
	<weaponchoice>Devi impostare tutte le armi da utilizzare nella missione.</weaponchoice>
  </messages>
  <updater>
	<commerror>Errore di connessione al server.</commerror>
	<lastversion>Possiedi già l'ultima versione del programma.</lastversion>
	<available>Possiedi già l'ultima versione del programma.</available>
	<wantupdate newline="true">Una nuova versione del programma è disponibile.\nVuoi aggiornare?</wantupdate>
  </updater>
  <questchallenge>
    <title>Opzioni Sfida</title>
	<players>Giocatori:</players>
	<setoptions>Set Equipaggiamenti</setoptions>
	<details>Dettagli Sfida</details>
	<set1>Set 1</set1>
	<set2>Set 2</set2>
	<set3>Set 3</set3>
	<set4>Set 4</set4>
	<set5>Set 5</set5>
	<equippage>Equipaggiamento</equippage>
	<detailspage>Dettagli</detailspage>
	<itemspage>Oggetti</itemspage>
	<edits>Potenzia</edits>
	<noupdate>Niente</noupdate>
	<update1>Silenziatore/Scudo</update1>
	<update2>Potenza/Canna</update2>
	<maxtime>Tempo Massimo:</maxtime>
	<points>Punti:</points>
	<attack>Attacco</attack>
	<defense>Difesa</defense>
	<skills>Skills</skills>
	<level>Lvl</level>
  </questchallenge>
</CQELangFile>